{"cameraMode":{"drawMode":0,"name":"Shaded","section":"Shading Mode"},"sceneLighting":false,"audioPlay":false,"sceneViewState":{"showFog":true,"showMaterialUpdate":true,"showSkybox":true,"showFlares":true,"showImageEffects":true,"showParticleSystems":true},"in2DMode":false,"pivot":{"x":500.3134460449219,"y":48.66484069824219,"z":311.15576171875},"rotation":{"x":0.002179031725972891,"y":-0.01290868129581213,"z":-0.00002842073627107311,"w":-0.9999143481254578},"size":27.968114852905275,"orthographic":false}