{"cameraMode":{"drawMode":0,"name":"Shaded","section":"Shading Mode"},"sceneLighting":false,"audioPlay":false,"sceneViewState":{"showFog":true,"showMaterialUpdate":true,"showSkybox":true,"showFlares":true,"showImageEffects":true,"showParticleSystems":true},"in2DMode":false,"pivot":{"x":505.1216125488281,"y":47.12265396118164,"z":327.1781311035156},"rotation":{"x":0.002179031725972891,"y":-0.01290868129581213,"z":-0.00002842073627107311,"w":-0.9999143481254578},"size":6.838386535644531,"orthographic":false}