{"cameraMode":{"drawMode":0,"name":"Shaded","section":"Shading Mode"},"sceneLighting":false,"audioPlay":false,"sceneViewState":{"showFog":true,"showMaterialUpdate":true,"showSkybox":true,"showFlares":true,"showImageEffects":true,"showParticleSystems":true},"in2DMode":false,"pivot":{"x":499.4502868652344,"y":48.30534362792969,"z":320.22088623046877},"rotation":{"x":0.002179031725972891,"y":-0.01290868129581213,"z":-0.00002842073627107311,"w":-0.9999143481254578},"size":13.649615287780762,"orthographic":false}