{"cameraMode":{"drawMode":0,"name":"Shaded","section":"Shading Mode"},"sceneLighting":false,"audioPlay":false,"sceneViewState":{"showFog":true,"showMaterialUpdate":false,"showSkybox":true,"showFlares":true,"showImageEffects":true,"showParticleSystems":true},"in2DMode":false,"pivot":{"x":-14.428793907165528,"y":-0.7210687398910523,"z":3.642444610595703},"rotation":{"x":0.1856560856103897,"y":0.7195325493812561,"z":-0.21027614176273347,"w":0.6352863907814026},"size":19.78887176513672,"orthographic":false}