{"cameraMode":{"drawMode":0,"name":"Shaded","section":"Shading Mode"},"sceneLighting":false,"audioPlay":false,"sceneViewState":{"showFog":true,"showMaterialUpdate":false,"showSkybox":true,"showFlares":true,"showImageEffects":true,"showParticleSystems":true},"in2DMode":false,"pivot":{"x":-14.367733001708985,"y":-0.9582891464233398,"z":0.8890835046768189},"rotation":{"x":0.1856560856103897,"y":0.7195325493812561,"z":-0.21027614176273347,"w":0.6352863907814026},"size":7.367157936096191,"orthographic":false}